<?xml version="1.0" encoding="UTF-8"?>
<project-private xmlns="http://www.netbeans.org/ns/project-private/1">
    <editor-bookmarks xmlns="http://www.netbeans.org/ns/editor-bookmarks/2" lastBookmarkId="0"/>
    <open-files xmlns="http://www.netbeans.org/ns/projectui-open-files/2">
        <group>
            <file>file:/D:/ATMCaseStudy/src/ahmed/Deposit.java</file>
            <file>file:/D:/ATMCaseStudy/src/ahmed/BalanceInquiry.java</file>
            <file>file:/D:/ATMCaseStudy/src/ahmed/Account.java</file>
            <file>file:/D:/ATMCaseStudy/src/ahmed/ATM.java</file>
            <file>file:/D:/ATMCaseStudy/src/ahmed/ATMCaseStudy.java</file>
            <file>file:/D:/ATMCaseStudy/src/ahmed/Screen.java</file>
            <file>file:/D:/ATMCaseStudy/src/ahmed/CashDispenser.java</file>
            <file>file:/D:/ATMCaseStudy/src/ahmed/DepositSlot.java</file>
        </group>
    </open-files>
</project-private>
